speed,dir_consistency,stabilization,turning_angle,dir_autocorr,tortuosity,effective_dim,cos_slope,dist_slope,early_late_ratio,group,problem_id,condition,correct
14.19002628326416,0.06033354252576828,-0.029584493175629657,1.9168105125427246,-0.33484283089637756,0.045238085091114044,12.084935188293457,0.0040098323216361375,-0.055251583360856574,1.020094394683838,G4,0,cot,True
12.25698184967041,0.32896023988723755,-0.41580629348754883,1.9061260223388672,-0.32882705330848694,0.3215010464191437,2.739492893218994,0.10456980764865875,-1.7985782623291016,1.3233706951141357,G1,1,direct,False
14.395513534545898,0.06447579711675644,-0.027470335268205203,1.9177449941635132,-0.33619481325149536,0.04500172659754753,13.480887413024902,0.0020421644853007414,-0.036042590679660924,0.9507927298545837,G4,1,cot,True
13.960945129394531,0.09083233028650284,-0.006169370982957923,1.8809118270874023,-0.30306053161621094,0.05251079425215721,7.750524997711182,0.0059935473359149435,-0.09359192309172257,1.0844589471817017,G2,2,direct,True
14.326786994934082,0.05621477589011192,-0.011429488658905026,1.9107081890106201,-0.3287215828895569,0.04186307266354561,12.357873916625977,0.003779451092404703,-0.05931676780023885,1.046365737915039,G4,2,cot,True
14.543238639831543,0.059264689683914185,0.0024837009368404257,1.9415141344070435,-0.35844525694847107,0.040443018078804016,13.272802352905273,0.0037272897699186873,-0.06445702622013708,1.0384552478790283,G4,3,cot,True
13.431727409362793,0.07199564576148987,0.0003799673227163448,1.8708680868148804,-0.29190993309020996,0.048301324248313904,8.801290512084961,0.0037667131882447463,-0.06985995659461389,1.082930326461792,G1,4,direct,False
14.485974311828613,0.06578521430492401,-0.016966272554089938,1.9122897386550903,-0.3308841288089752,0.04595467820763588,13.797128677368164,0.0026689166924165147,-0.041180962131869406,0.9452720284461975,G4,4,cot,True
14.791668891906738,0.05348208546638489,0.030815698254492978,1.9361300468444824,-0.3534192740917206,0.04188839718699455,13.825587272644043,0.0027778137955934766,-0.03628538308605071,0.9979109764099121,G3,5,cot,False
14.09261417388916,0.057365547865629196,-0.017268993393067398,1.9171398878097534,-0.3353394567966461,0.045824747532606125,13.089938163757324,0.004809369032661762,-0.06529479680522793,1.0393199920654297,G4,6,cot,True
14.167134284973145,0.06563124805688858,-0.0270100808912708,1.9052668809890747,-0.32446274161338806,0.0464656725525856,13.136222839355469,0.002733411501732564,-0.047690499213434046,0.9662306308746338,G4,7,cot,True
14.185568809509277,0.05382976308465004,-0.009329563956106868,1.9143089056015015,-0.33267104625701904,0.04121880978345871,12.093382835388184,0.0035005926364852537,-0.05206144932777649,1.0359326601028442,G4,8,cot,True
14.757620811462402,0.05290612578392029,0.03385728405367942,1.9328804016113281,-0.35029226541519165,0.04205799847841263,13.852805137634277,0.0029728983679125384,-0.038247586834815245,1.0006366968154907,G3,9,cot,False
13.473429679870605,0.08061990886926651,-0.06028115894483484,1.8681708574295044,-0.290620356798172,0.05367371067404747,8.188196182250977,0.007804001103276792,-0.13846171835194465,1.072256088256836,G2,10,direct,True
14.314800262451172,0.05008309334516525,-0.004971014299700335,1.9185904264450073,-0.33756259083747864,0.04513810575008392,10.865151405334473,0.003465161568695499,-0.05609891030096241,1.0438152551651,G4,10,cot,True
13.266674041748047,0.06946825236082077,-0.04402462728730925,1.8706188201904297,-0.29140597581863403,0.04874151200056076,9.857649803161621,0.0074684563319179454,-0.14536505595522778,1.1104049682617188,G1,11,direct,False
14.60120677947998,0.058373499661684036,-0.0025281425445310545,1.9415411949157715,-0.3585309088230133,0.04035698249936104,13.599884986877441,0.0037288675144795448,-0.06879341410052392,1.0425653457641602,G4,11,cot,True
14.196489334106445,0.05276872217655182,-0.015127506563740392,1.9161677360534668,-0.3341517746448517,0.040902573615312576,12.639214515686035,0.003651220255321072,-0.054328199355832996,1.0399367809295654,G4,12,cot,True
13.735995292663574,0.13301953673362732,-0.016390947195199818,1.8766041994094849,-0.30015677213668823,0.10999459773302078,6.281132221221924,0.005804372625751095,-0.11362944116125573,1.0463038682937622,G2,13,direct,True
14.098402976989746,0.053341735154390335,-0.012657372413143037,1.9017164707183838,-0.3208509087562561,0.04171151667833328,13.330463409423828,0.003959656687032792,-0.05765505413855275,1.039853811264038,G4,13,cot,True
13.440035820007324,0.07752396166324615,0.004103150000939002,1.8740965127944946,-0.29524126648902893,0.05273283272981644,9.314218521118164,0.007263914186220902,-0.13094247231116662,1.0926915407180786,G2,14,direct,True
14.64076042175293,0.05821610614657402,0.014306835205324234,1.9273922443389893,-0.34531450271606445,0.040079422295093536,13.265521049499512,0.0030064032683449404,-0.04374382149788641,1.0199953317642212,G4,14,cot,True
14.15011215209961,0.053098734468221664,-0.010436040739859298,1.913262128829956,-0.33162134885787964,0.04131259396672249,12.614286422729492,0.003683692204856104,-0.054951079045572615,1.0384145975112915,G4,15,cot,True
14.212130546569824,0.05826108902692795,-0.021443093207574655,1.9170116186141968,-0.3350047469139099,0.045684270560741425,12.89058780670166,0.004764466510424692,-0.0723358992607363,1.0406802892684937,G4,16,cot,True
13.381232261657715,0.07009890675544739,-0.044978604066357356,1.8644287586212158,-0.286264032125473,0.04699840396642685,9.698892593383789,0.005957136824454143,-0.11779883201887902,1.099780559539795,G1,17,direct,False
14.548213005065918,0.06274149566888809,-0.0176060103601025,1.9189178943634033,-0.33723214268684387,0.045974940061569214,14.082125663757324,0.002559731245761918,-0.039609096511717755,0.9482849836349487,G3,17,cot,False
14.001825332641602,0.0592113733291626,-0.02631469772708031,1.912481665611267,-0.3309679329395294,0.0452323742210865,12.690650939941406,0.00427915803607433,-0.06578133260050129,1.0399683713912964,G4,18,cot,True
10.548810005187988,0.3887025713920593,-2.111247205734253,1.6751986742019653,-0.10277309268712997,0.3832654654979706,2.458146333694458,0.1467831552028656,-2.92427773475647,1.5918487310409546,G1,19,direct,False
14.621944427490234,0.057008277624845505,0.004950270729680216,1.9311729669570923,-0.3491106629371643,0.03983907774090767,12.76612663269043,0.002993405201742726,-0.047975814727044874,1.023783802986145,G4,19,cot,True
14.37414264678955,0.055521611124277115,-0.013441385761384048,1.9169656038284302,-0.3347286283969879,0.04143889620900154,11.885894775390625,0.003672839869414606,-0.05809347937183995,1.0471458435058594,G4,20,cot,True
13.69013500213623,0.07491663843393326,-0.07018673730933148,1.8712735176086426,-0.29349806904792786,0.05410633608698845,8.987927436828613,0.004016832346501558,-0.0731760431372601,1.0665266513824463,G2,21,direct,True
14.721181869506836,0.05764232575893402,0.011258093387849869,1.940448522567749,-0.35772860050201416,0.0398397371172905,13.34591007232666,0.003057548367688733,-0.048025703045629684,1.0226030349731445,G4,21,cot,True
11.210712432861328,0.35733193159103394,-1.6789187908172607,1.763160228729248,-0.1898687332868576,0.35128912329673767,2.6302237510681152,0.13453513979911805,-2.6123637199401855,1.4807207584381104,G1,22,direct,False
14.650224685668945,0.057250916957855225,0.004518532368444628,1.9354007244110107,-0.3530866801738739,0.039717573672533035,13.119440078735352,0.003033440127488106,-0.04717254177216561,1.022415280342102,G4,22,cot,True
14.05725383758545,0.0657193660736084,-0.03792883955914041,1.8978806734085083,-0.31932005286216736,0.05289272591471672,9.77790641784668,0.00925046708272851,-0.163915898696236,1.1166976690292358,G2,23,direct,True
14.156615257263184,0.06860693544149399,-0.04202172525467412,1.933949589729309,-0.3486901819705963,0.04152253642678261,14.84552001953125,0.0018579866977468614,-0.03899331477380567,0.9352155923843384,G3,23,cot,False
14.7540922164917,0.05532119795680046,0.03925461307648688,1.9275305271148682,-0.345060795545578,0.04216902703046799,13.427643775939941,0.0026571180731538796,-0.03185483332603208,0.9958166480064392,G3,24,cot,False
14.876769065856934,0.05245883762836456,0.02685989602919548,1.941517949104309,-0.35840412974357605,0.0413883812725544,13.771708488464355,0.0028132294755308864,-0.036691677570343015,1.0002487897872925,G4,25,cot,True
14.232542991638184,0.06535361707210541,-0.011708957918228641,1.9100617170333862,-0.32906004786491394,0.046427611261606216,13.811981201171875,0.0023365952194698385,-0.04108502749473818,0.953740656375885,G3,26,cot,False
14.655133247375488,0.059205882251262665,-0.001629686740136917,1.94444739818573,-0.36094507575035095,0.04017170891165733,12.978331565856934,0.004024604431563808,-0.07310767327585528,1.0450180768966675,G3,27,cot,False
14.470508575439453,0.06525129079818726,-0.02133119221656553,1.9226853847503662,-0.3408840298652649,0.04574701189994812,13.617944717407227,0.0019182180324869777,-0.03384465479081677,0.9484347105026245,G4,28,cot,True
13.760684967041016,0.06649841368198395,-0.07553432660225111,1.8760805130004883,-0.29879000782966614,0.04912877455353737,10.239217758178711,0.008042930140454546,-0.14332581609742256,1.109391689300537,G2,29,direct,True
14.622407913208008,0.06421580165624619,-0.013224730568547404,1.920176386833191,-0.3383905291557312,0.0466117188334465,14.26447868347168,0.0008450153854585461,-0.012689720430681789,0.9256507158279419,G3,29,cot,False
14.162867546081543,0.05327552556991577,-0.008405745029449463,1.9121736288070679,-0.3306126296520233,0.041458308696746826,12.644484519958496,0.0036290486733759606,-0.054495511900994095,1.038995623588562,G4,30,cot,True
13.416646003723145,0.13841365277767181,-0.10958983014513562,1.8626240491867065,-0.2857915163040161,0.10320931673049927,5.795258522033691,0.006991003151540156,-0.13845763173136677,1.03019118309021,G2,31,direct,True
14.131104469299316,0.05392489209771156,-0.012026095390319826,1.901986837387085,-0.3208296597003937,0.04220167174935341,12.24943733215332,0.004138394709556333,-0.06417917090077556,1.0507210493087769,G4,31,cot,True
14.111170768737793,0.0590779148042202,-0.011259023220308365,1.9044145345687866,-0.32334139943122864,0.0451698862016201,12.872746467590332,0.0035229391748866725,-0.04995338263050202,1.015650987625122,G4,32,cot,True
14.06646728515625,0.05918610095977783,-0.018795205700782032,1.9159480333328247,-0.33417147397994995,0.04593066871166229,12.860738754272461,0.004600489644273634,-0.065669503519612,1.0253238677978516,G4,33,cot,True
14.148346900939941,0.053528837859630585,-0.008853555110193072,1.915682315826416,-0.3336426317691803,0.041112273931503296,11.439468383789062,0.0038526057235656248,-0.056884489905449656,1.0437489748001099,G4,34,cot,True
14.128040313720703,0.054650839418172836,-0.013160757095583023,1.907904028892517,-0.32670336961746216,0.04199334606528282,13.007980346679688,0.003597977276771299,-0.05551814110048355,1.0391360521316528,G4,35,cot,True
14.258222579956055,0.05322358012199402,0.0048929610560017244,1.9170455932617188,-0.33495309948921204,0.04043223336338997,11.921916007995605,0.003181936087146882,-0.04191095559827743,1.0226401090621948,G4,36,cot,True
14.063923835754395,0.05366476625204086,-0.012905044324936407,1.8961098194122314,-0.3156047761440277,0.041769981384277344,13.245409965515137,0.003634156214614068,-0.053742779070331224,1.0384618043899536,G4,37,cot,True
14.093530654907227,0.053597863763570786,-0.011052563498097082,1.904915452003479,-0.3237162232398987,0.04234379529953003,12.96174430847168,0.00370864805675322,-0.05552129053300429,1.0390033721923828,G4,38,cot,True
13.693099021911621,0.06607261300086975,-0.07124235854189621,1.8796812295913696,-0.3026427626609802,0.04895826056599617,10.201617240905762,0.009381346437666152,-0.17183787549662793,1.1420174837112427,G1,39,direct,False
14.57107162475586,0.06494323164224625,-0.002585306475239416,1.912500023841858,-0.33134332299232483,0.04653121158480644,14.270816802978516,0.0008225896606041544,-0.010778160249033292,0.9223825335502625,G3,39,cot,False
14.137260437011719,0.05537101998925209,-0.008383142179058447,1.8996983766555786,-0.3184921145439148,0.04183875769376755,12.82246208190918,0.0035446510920601514,-0.056380026571212286,1.0455607175827026,G3,40,cot,False
14.147252082824707,0.05363135784864426,-0.00895380473905994,1.911186695098877,-0.32965871691703796,0.041550375521183014,12.274540901184082,0.00388134439145365,-0.05723429918289186,1.042519211769104,G4,41,cot,True
14.400336265563965,0.06358929723501205,-0.012980699539184567,1.9196957349777222,-0.3382241129875183,0.04583512991666794,12.132735252380371,0.0031505144471603054,-0.04899783076778535,0.9719172716140747,G4,42,cot,True
13.477621078491211,0.06731761991977692,0.010721690104557922,1.8764022588729858,-0.2973965108394623,0.04960169643163681,9.440691947937012,0.004610962638488182,-0.0761613860497108,1.0663152933120728,G2,43,direct,True
14.581938743591309,0.059081993997097015,0.003196083345720846,1.9381911754608154,-0.3553096055984497,0.04084831476211548,13.315725326538086,0.003897908053571178,-0.06573167462502756,1.038690209388733,G4,43,cot,True
14.387410163879395,0.05461687594652176,-0.015082183576399288,1.920614242553711,-0.3384131193161011,0.04138905927538872,12.471230506896973,0.0036058868131329932,-0.05776290201371716,1.0424256324768066,G4,44,cot,True
14.256839752197266,0.05278370529413223,-0.014209080896069929,1.918697714805603,-0.33671262860298157,0.04174289107322693,12.667317390441895,0.0037960441122131955,-0.06092065957284744,1.047829031944275,G4,45,cot,True
14.325716972351074,0.06661861389875412,-0.02938212925387968,1.9148348569869995,-0.33345526456832886,0.04564577341079712,13.768080711364746,0.0020179437112904357,-0.03816271712703089,0.9486766457557678,G3,46,cot,False
13.362201690673828,0.0768766924738884,-0.004291097184886104,1.8714486360549927,-0.2922426164150238,0.05091395601630211,8.316766738891602,0.004804208550764168,-0.0849610017693561,1.093239188194275,G2,47,direct,True
14.416823387145996,0.060438357293605804,-0.0185531081691865,1.9053703546524048,-0.3245459794998169,0.043345529586076736,11.664297103881836,0.005141765906685783,-0.07471397845975812,1.0570210218429565,G4,47,cot,True
10.641324043273926,0.3797994554042816,-1.723746395111084,1.7154089212417603,-0.14267700910568237,0.37119361758232117,2.577070951461792,0.1368983656167984,-2.7603804588317873,1.5366120338439941,G1,48,direct,False
14.085190773010254,0.06746415048837662,-0.01821979630377985,1.9049181938171387,-0.3243967294692993,0.04705138877034187,13.93943977355957,0.0037936830652817604,-0.06631419562524365,0.9805925488471985,G3,48,cot,False
14.086996078491211,0.05659725144505501,-0.024155854794286915,1.9128717184066772,-0.3314206898212433,0.04550108686089516,13.04857063293457,0.004575349432566473,-0.06907740100737539,1.042999029159546,G4,49,cot,True
14.310250282287598,0.06381239742040634,-0.017210978461850074,1.9134690761566162,-0.33211979269981384,0.04512956365942955,13.842799186706543,0.0021695274318898877,-0.03837478103176241,0.9508225321769714,G4,50,cot,True
13.468685150146484,0.07591164857149124,0.014540275427011343,1.8727325201034546,-0.29385459423065186,0.05209486931562424,9.459318161010742,0.00608355306662046,-0.1088127011519212,1.0791689157485962,G2,51,direct,True
14.621091842651367,0.0579722635447979,0.012170966594449937,1.9314683675765991,-0.34897762537002563,0.03990704566240311,13.22829818725586,0.003287382471945978,-0.04837035209901871,1.0244265794754028,G4,51,cot,True
13.624541282653809,0.09497842192649841,0.002766871169621765,1.8774707317352295,-0.2996399700641632,0.05604451894760132,7.434343338012695,0.0038869461346520747,-0.04413103586129049,1.0419509410858154,G2,52,direct,True
14.049837112426758,0.06234800070524216,-0.03502247102798954,1.912244200706482,-0.33047154545783997,0.0451638363301754,12.312403678894043,0.004094495101561468,-0.06043316318142798,1.0284160375595093,G4,52,cot,True
13.54076099395752,0.07104099541902542,-0.01930628360846104,1.8798750638961792,-0.3010283410549164,0.04819747060537338,9.787327766418457,0.0025998057667006792,-0.048927074334560304,1.0454771518707275,G1,53,direct,False
14.664434432983398,0.06306908279657364,-0.002453627509455527,1.9249024391174316,-0.34305089712142944,0.045819878578186035,13.942710876464844,0.0010881320963944162,-0.014828140312625521,0.9262800216674805,G3,53,cot,False
14.057472229003906,0.0611567385494709,-0.027613792880888905,1.909245252609253,-0.32771390676498413,0.04595273360610008,12.772748947143555,0.0044443407186096715,-0.06505649205177064,1.035761833190918,G4,54,cot,True
14.156597137451172,0.05350238084793091,-0.01256268370536066,1.9023743867874146,-0.3215573728084564,0.04216401278972626,12.943209648132324,0.0037622637325717564,-0.059262953266020726,1.0467900037765503,G4,55,cot,True
14.148980140686035,0.05403127148747444,-0.012336016085840038,1.8941962718963623,-0.3137025833129883,0.04212725907564163,13.147564888000488,0.003605978539393794,-0.05688273522161669,1.0430097579956055,G4,56,cot,True
10.851426124572754,0.37634140253067017,-1.7501891613006593,1.7350207567214966,-0.1616826355457306,0.36556828022003174,2.5407001972198486,0.1392435163259506,-2.786812973022461,1.5338903665542603,G1,57,direct,False
14.192973136901855,0.06766948103904724,-0.035523297709803434,1.9052194356918335,-0.3241942524909973,0.04640664905309677,13.545112609863281,0.0033042418079510813,-0.057874804735183714,0.9635639786720276,G4,57,cot,True
13.853541374206543,0.06577910482883453,-0.07698970240405482,1.8837857246398926,-0.30630797147750854,0.04895617812871933,10.002486228942871,0.008299661355140882,-0.14805165184868707,1.1184513568878174,G2,58,direct,True
14.649075508117676,0.0628768652677536,-0.013951914925729076,1.9191950559616089,-0.33743247389793396,0.04589587077498436,14.169260025024414,0.001377840904939559,-0.020498316518722033,0.9279116988182068,G3,58,cot,False
14.051146507263184,0.05826643481850624,-0.016223665975755256,1.910131812095642,-0.32859763503074646,0.04544257000088692,12.621774673461914,0.0050320895268551775,-0.07018720680667508,1.0386799573898315,G4,59,cot,True
13.435221672058105,0.0751924216747284,-0.06807917325924605,1.8711374998092651,-0.2916390597820282,0.05024914816021919,8.938509941101074,0.008090499843287672,-0.15123702318240434,1.1232357025146484,G2,60,direct,True
14.32599925994873,0.06333545595407486,-0.03302179536511822,1.9175463914871216,-0.33602434396743774,0.045599110424518585,13.368132591247559,0.0031535707354064905,-0.05431306458288623,0.9671656489372253,G4,60,cot,True
14.38296890258789,0.054361000657081604,0.009099353897956106,1.9238914251327515,-0.3414399325847626,0.04026656597852707,12.647028923034668,0.003023847348747715,-0.0411780691915943,1.0129828453063965,G4,61,cot,True
14.086235046386719,0.05289721116423607,-0.015520690333458678,1.9056345224380493,-0.32472673058509827,0.041553497314453125,12.557183265686035,0.0036250083196547713,-0.05274491656211113,1.0365643501281738,G4,62,cot,True
13.942934036254883,0.0637291893362999,-0.0380950439360834,1.9141026735305786,-0.33230555057525635,0.04516099765896797,12.205541610717773,0.004623283367724188,-0.06819419399384533,1.0361448526382446,G4,63,cot,True
13.291362762451172,0.08042013645172119,-0.10197150377126842,1.8508466482162476,-0.2743639647960663,0.05105026811361313,8.654911994934082,0.006907838995640094,-0.14199103795565093,1.093714952468872,G2,64,direct,True
14.138664245605469,0.05237722769379616,-0.01987069922108803,1.8952083587646484,-0.3154872953891754,0.04614520072937012,11.64578914642334,0.0037353105122043236,-0.05987629544350409,1.043272852897644,G4,64,cot,True
13.961642265319824,0.05340856313705444,-0.01171268378534625,1.9019317626953125,-0.3211425840854645,0.0423302985727787,12.32748031616211,0.004036657247812518,-0.06191274043052427,1.0520673990249634,G4,65,cot,True
14.222919464111328,0.05401153862476349,-0.011104817159714243,1.9091694355010986,-0.32751014828681946,0.041708726435899734,12.449459075927734,0.0035915677345568116,-0.05560889359443418,1.038878321647644,G4,66,cot,True
14.259830474853516,0.054366014897823334,-0.01289493114717545,1.9171804189682007,-0.33496224880218506,0.041111767292022705,11.799223899841309,0.0038764933785123204,-0.057880626186247806,1.041937232017517,G3,67,cot,False
13.378915786743164,0.06267836689949036,0.026743930962777905,1.884255290031433,-0.3035737872123718,0.023086246103048325,8.762470245361328,-0.0004227766346546909,0.02174436680732235,0.9614657163619995,G1,68,direct,False
14.020477294921875,0.06804796308279037,-0.045024145995416945,1.9327502250671387,-0.34714043140411377,0.041684769093990326,14.6664457321167,0.0028743034769450468,-0.06106432868588355,0.9492499828338623,G3,68,cot,False
14.663104057312012,0.05740971490740776,0.009460096974526681,1.9356564283370972,-0.3531048893928528,0.039725709706544876,12.774681091308594,0.0032277011462757666,-0.050149508060947534,1.0259126424789429,G3,69,cot,False
14.590450286865234,0.059853989630937576,0.002661810382719962,1.9466264247894287,-0.3630099296569824,0.04098913446068764,12.8695650100708,0.004078988790992767,-0.07215983137007682,1.0409679412841797,G4,70,cot,True
13.177412986755371,0.06856973469257355,-0.021540312970805373,1.8642287254333496,-0.2855209410190582,0.04917114973068237,9.8500337600708,0.004982050922181871,-0.09206441602136335,1.086651086807251,G1,71,direct,False
14.544261932373047,0.05822684243321419,0.011458833371439287,1.934846043586731,-0.351980984210968,0.040792275220155716,13.043787002563477,0.0038537133124566846,-0.06788911434911912,1.0381850004196167,G4,71,cot,True
14.549637794494629,0.060971926897764206,0.003165388491845901,1.917886734008789,-0.33650997281074524,0.04609823226928711,14.207573890686035,0.0004259884838135005,-0.001316128046281876,0.920232892036438,G4,72,cot,True
14.855006217956543,0.05338773503899574,0.03494282384072581,1.935080885887146,-0.35236597061157227,0.04221607372164726,13.708162307739258,0.00276605550560259,-0.03723220594467655,0.9998124241828918,G3,73,cot,False
13.543384552001953,0.13990898430347443,0.0358344858342951,1.8436936140060425,-0.2681761085987091,0.10597944259643555,6.149579048156738,-0.002063846671497905,0.06859637640572928,0.9686504602432251,G2,74,direct,True
14.066106796264648,0.053416166454553604,-0.009159887606097806,1.8925743103027344,-0.3122875392436981,0.04262256622314453,13.340408325195312,0.00394565375341523,-0.061076070031812105,1.0471982955932617,G4,74,cot,True
14.133825302124023,0.06980482488870621,0.03472233933287781,1.9049313068389893,-0.3255707919597626,0.0532689206302166,8.050943374633789,0.006333153317501017,-0.1135359491620745,1.0859113931655884,G2,75,direct,True
14.528440475463867,0.057380352169275284,-0.022575208833140712,1.9168590307235718,-0.33547866344451904,0.03975612670183182,11.027854919433594,0.004380992211161122,-0.07572806266046339,1.057489037513733,G3,75,cot,False
11.061684608459473,0.3743157982826233,-1.5200115203857423,1.739821434020996,-0.16596752405166626,0.3630489408969879,2.595273971557617,0.1344139128923416,-2.6437593936920165,1.4650968313217163,G1,76,direct,False
14.069643020629883,0.06790915131568909,-0.03888231573566314,1.9246277809143066,-0.3402726948261261,0.04132852703332901,14.906499862670898,0.0014880402073744808,-0.0354267253029731,0.9325594305992126,G4,76,cot,True
14.189591407775879,0.05375310033559799,-0.011312333230049381,1.911914587020874,-0.3303375542163849,0.041270505636930466,12.844867706298828,0.003602855099785712,-0.05453604152125696,1.0379524230957031,G4,77,cot,True
13.860374450683594,0.06782957911491394,0.05620385083285245,1.888217568397522,-0.3101394772529602,0.05456976965069771,8.206056594848633,0.0061565149914134636,-0.11057018552507673,1.084883213043213,G2,78,direct,True
14.229113578796387,0.05861978232860565,-0.012754310715583056,1.889679193496704,-0.310066282749176,0.04461430385708809,12.615683555603027,0.0035467194092850527,-0.04876368776444466,1.0422526597976685,G4,78,cot,True
14.221460342407227,0.06201351061463356,-0.02939132375101889,1.917495608329773,-0.3356350064277649,0.044709187000989914,12.198466300964355,0.0038551403870505678,-0.0564248381122466,1.0238852500915527,G4,79,cot,True
14.21158504486084,0.05240855738520622,-0.012643647963000881,1.9139198064804077,-0.33212554454803467,0.0412680059671402,13.09309196472168,0.003972087452007879,-0.059798392941874834,1.046170949935913,G4,80,cot,True
14.120706558227539,0.05793305113911629,-0.012502371111223773,1.9179177284240723,-0.3361954987049103,0.046425506472587585,12.793482780456543,0.004593420863872573,-0.06529114669369113,1.0284830331802368,G4,81,cot,True
14.180484771728516,0.058693330734968185,-0.0072058796882629355,1.9129804372787476,-0.3312417268753052,0.04649510607123375,13.15052318572998,0.0050287199296778235,-0.0739264242110714,1.0378731489181519,G4,82,cot,True
10.953409194946289,0.383797287940979,-1.2475833892822266,1.7453066110610962,-0.17269296944141388,0.37826740741729736,2.721676826477051,0.1427711546421051,-2.6236700057983398,1.4873523712158203,G1,83,direct,False
14.094310760498047,0.054207220673561096,-0.01157521432445896,1.9016236066818237,-0.320554256439209,0.04118457809090614,12.565661430358887,0.0035114402612370817,-0.05376654055810744,1.0393438339233398,G4,83,cot,True
14.163156509399414,0.05305703356862068,-0.01036231402427919,1.911773681640625,-0.3300270438194275,0.041331712156534195,12.67678165435791,0.0039483198835965115,-0.05974996859027495,1.0451816320419312,G4,84,cot,True
13.88088607788086,0.06790637224912643,-0.025195594372287865,1.890438199043274,-0.30983057618141174,0.04719618707895279,12.75232219696045,0.00480951076794055,-0.07598672643784556,1.03230619430542,G3,85,cot,False
14.581080436706543,0.05974727123975754,-0.0009386497159158029,1.9313023090362549,-0.3486683666706085,0.0407961905002594,12.867715835571289,0.0039016801263055496,-0.06978251664869248,1.041342854499817,G4,86,cot,True
14.172947883605957,0.05262262746691704,-0.010770975389788225,1.914764404296875,-0.3331255316734314,0.04143868014216423,12.724514961242676,0.0036758454095932756,-0.05501015224764426,1.0402246713638306,G4,87,cot,True
14.113465309143066,0.06901265680789948,-0.04001032998484949,1.9275765419006348,-0.3427468240261078,0.04135696217417717,15.136879920959473,0.0017822756161612837,-0.03811209740177278,0.9350349307060242,G4,88,cot,True
14.120369911193848,0.05337703600525856,-0.013628752769962432,1.9052826166152954,-0.324352890253067,0.0420253723859787,12.583211898803711,0.0036557408950982557,-0.055732011795043924,1.041353464126587,G4,89,cot,True
14.085409164428711,0.06845950335264206,-0.04081773815616484,1.9240764379501343,-0.33964577317237854,0.04125296697020531,14.927692413330078,0.0017297171176441253,-0.03964892818081763,0.9353664517402649,G3,90,cot,False
14.182570457458496,0.0545954592525959,-0.014462572913016041,1.8994057178497314,-0.31873002648353577,0.041998960077762604,12.396973609924316,0.0035946815725295773,-0.05824781348628385,1.044976830482483,G4,91,cot,True
13.692876815795898,0.06372004002332687,-0.04466098859924391,1.8717793226242065,-0.295063853263855,0.04675683751702309,9.910860061645508,0.007260195228643033,-0.12974832579038667,1.0909963846206665,G1,92,direct,False
14.439778327941895,0.061213571578264236,-0.013246063647731652,1.916003942489624,-0.33444148302078247,0.043810032308101654,14.063509941101074,-0.0006598537847880396,0.0153594070865262,0.8963320255279541,G3,92,cot,False
14.331501960754395,0.06381434947252274,-0.022636297825844056,1.9164777994155884,-0.3353656828403473,0.04599709436297417,14.279770851135254,0.0027981343108319456,-0.04743892300513481,0.9614328742027283,G4,93,cot,True
14.152474403381348,0.05800824984908104,-0.02529348557995212,1.9179171323776245,-0.3360363245010376,0.04479816183447838,12.513447761535645,0.00425757100024531,-0.05986707825814523,1.0279533863067627,G3,94,cot,False
14.094120979309082,0.061035819351673126,-0.019316422554754437,1.9091989994049072,-0.3276780843734741,0.04505917802453041,12.370735168457031,0.003534542048169719,-0.04707226714780255,1.019734263420105,G3,95,cot,False
14.115656852722168,0.06026868149638176,-0.022497590895622005,1.9204292297363281,-0.3384043872356415,0.04595840722322464,12.04899787902832,0.004528608804027879,-0.062410830297777733,1.025978922843933,G4,96,cot,True
10.643136978149414,0.37938934564590454,-1.6411885261535644,1.7169827222824097,-0.14433647692203522,0.37151047587394714,2.5968527793884277,0.13758852779865266,-2.709088134765625,1.5248254537582397,G1,97,direct,False
14.30048942565918,0.06438827514648438,-0.014771609921609205,1.9085750579833984,-0.32755807042121887,0.04548337683081627,13.825763702392578,0.0025115816883983155,-0.043553294866315775,0.9573708772659302,G3,97,cot,False
14.091951370239258,0.057709068059921265,-0.015580418032984577,1.919222116470337,-0.33744022250175476,0.04628618061542511,12.850869178771973,0.004550773355989688,-0.06380897645027407,1.0308958292007446,G4,98,cot,True
13.852099418640137,0.07118735462427139,-0.030466071642362154,1.8786331415176392,-0.30140212178230286,0.05095694959163666,9.038453102111816,0.005722943040040822,-0.09992894466106708,1.0660698413848877,G2,99,direct,True
14.325398445129395,0.0638628751039505,-0.028528228498274282,1.9162886142730713,-0.33514001965522766,0.0465475395321846,14.159363746643066,0.003078588621029931,-0.05254612353540235,0.9574849605560303,G4,99,cot,True
13.339439392089844,0.06961468607187271,-0.04716912148490786,1.8695710897445679,-0.29054948687553406,0.047528982162475586,9.443225860595703,0.007246204748549595,-0.14026929927541804,1.1027272939682007,G2,100,direct,True
14.73734188079834,0.05963427200913429,0.007400392332384663,1.9410632848739624,-0.3578871488571167,0.0400654561817646,12.976237297058105,0.0036230085237372303,-0.06280079426303986,1.036482334136963,G4,100,cot,True
14.193514823913574,0.05423297360539436,-0.00694988043077531,1.9105618000030518,-0.3288014531135559,0.04182625189423561,12.33916187286377,0.0035910802502785956,-0.05574107670014903,1.0390989780426025,G4,101,cot,True
14.341252326965332,0.06479335576295853,-0.03079563725379204,1.9137685298919678,-0.3325754404067993,0.04575307294726372,13.497986793518066,0.003053649502896494,-0.05180509705697337,0.9547159671783447,G4,102,cot,True
13.460822105407715,0.06872137635946274,0.009716524955553888,1.8776867389678955,-0.2988528311252594,0.04654134064912796,8.410345077514648,0.0033905675574245615,-0.06237079326923077,1.0611886978149414,G1,103,direct,False
14.342262268066406,0.04815516620874405,0.02128691058005056,1.9249908924102783,-0.3416942059993744,0.04463426023721695,14.855793952941895,-0.0010916878018648393,0.01943584334465764,0.9258066415786743,G4,103,cot,True
14.17935848236084,0.06593969464302063,-0.021489950149290022,1.9027491807937622,-0.3220880925655365,0.04697425290942192,13.261252403259277,0.002440591216568024,-0.04126325999536823,0.9600024819374084,G4,104,cot,True
11.08103084564209,0.36923491954803467,-1.4032601356506347,1.7294849157333374,-0.15574701130390167,0.35878217220306396,2.6324119567871094,0.12747121453285218,-2.4910832405090333,1.4087506532669067,G1,105,direct,False
14.611371994018555,0.059904418885707855,-0.00682302405757289,1.9406530857086182,-0.35760805010795593,0.04059505835175514,13.015755653381348,0.0039378027641965505,-0.06970386312853906,1.041298508644104,G4,105,cot,True
14.1640043258667,0.052945420145988464,-0.00919837836296328,1.912707805633545,-0.33110111951828003,0.04161284863948822,12.820207595825195,0.003852937815170135,-0.057333343644295966,1.041677713394165,G4,106,cot,True
14.424688339233398,0.059877872467041016,-0.0015466236299084078,1.930213212966919,-0.34771519899368286,0.040787823498249054,13.335512161254883,0.0035953216254711153,-0.06415880149410616,1.0369129180908203,G4,107,cot,True
14.049261093139648,0.053757648915052414,-0.009890079498291012,1.8975533246994019,-0.31649336218833923,0.04177238792181015,12.650066375732422,0.003677423863160994,-0.05644781897144931,1.0395705699920654,G4,108,cot,True
14.138760566711426,0.05776689946651459,-0.01363441944122314,1.9220465421676636,-0.34016814827919006,0.046352237462997437,12.766444206237793,0.004589246471803034,-0.06519823535796132,1.028124213218689,G4,109,cot,True
11.530061721801758,0.34143826365470886,-1.624680995941162,1.837403655052185,-0.2619355022907257,0.3380117118358612,2.637263059616089,0.1148861825466156,-2.274251842498779,1.3903746604919434,G1,110,direct,False
14.427994728088379,0.061023443937301636,-0.014212470285354124,1.9142872095108032,-0.33254531025886536,0.046263281255960464,14.782543182373047,0.002087156979307051,-0.03297141405843919,0.943396270275116,G3,110,cot,False
15.052541732788086,0.053758654743433,0.03692817303442185,1.9472025632858276,-0.3635859787464142,0.04139052703976631,13.12643051147461,0.0027725575611956656,-0.035357472204392955,0.9998125433921814,G3,111,cot,False
14.567272186279297,0.0643167644739151,0.008990373919087071,1.9118552207946777,-0.33061036467552185,0.04700208455324173,14.04924488067627,0.00045999652676043947,-0.0012298074460798736,0.9217773675918579,G4,112,cot,True
14.019256591796875,0.0677432119846344,-0.03863652656155248,1.926390528678894,-0.34122034907341003,0.041828177869319916,14.607622146606445,0.002944463563542212,-0.060926025913607684,0.9531327486038208,G3,113,cot,False
13.560114860534668,0.06709469854831696,-0.0012875733837004674,1.8774880170822144,-0.2989177703857422,0.04601084813475609,9.298867225646973,0.005695689721934256,-0.0971849395382789,1.0968866348266602,G1,114,direct,False
14.741732597351074,0.06182604655623436,-0.001024757662127097,1.9258310794830322,-0.3436865210533142,0.04587598890066147,13.803056716918945,0.0011884902633966937,-0.014941467777375256,0.9330236315727234,G4,114,cot,True
14.580177307128906,0.0592547208070755,0.001797984107848138,1.932985782623291,-0.35027647018432617,0.040963318198919296,12.490575790405273,0.0038852485677888307,-0.06799025266401229,1.0372190475463867,G3,115,cot,False
13.686328887939453,0.06513404101133347,0.003985900552863749,1.8878045082092285,-0.30843958258628845,0.045843180269002914,8.761994361877441,0.0033305020311958774,-0.06081525003808177,1.0610833168029785,G1,116,direct,False
14.586775779724121,0.06272982805967331,-0.01329765473642657,1.9184887409210205,-0.33699503540992737,0.045397453010082245,13.694704055786133,0.0007142145907686598,-0.008583815443900317,0.9189518690109253,G3,116,cot,False
14.111395835876465,0.055653490126132965,-0.006613430669230801,1.8980510234832764,-0.31709370017051697,0.0422990545630455,12.731417655944824,0.003520996111535255,-0.05691816345337897,1.0444469451904297,G4,117,cot,True
13.8612060546875,0.07005190849304199,-0.003939745992943772,1.9044183492660522,-0.3252573609352112,0.053468603640794754,8.075490951538086,0.0033837435509376373,-0.04861220204177245,1.0572360754013062,G2,118,direct,True
14.38019847869873,0.05871837958693504,-0.028924973164835284,1.9090913534164429,-0.3282720744609833,0.04272598773241043,12.572254180908203,0.0044977941400101105,-0.06628899343552129,1.0504834651947021,G4,118,cot,True
13.970346450805664,0.061335302889347076,-0.024862462089907743,1.9096661806106567,-0.32835495471954346,0.04621465131640434,12.869869232177734,0.004237910179841903,-0.05984385359671808,1.0359578132629395,G4,119,cot,True
12.273902893066406,0.31791362166404724,-0.4797499656677246,1.8796008825302124,-0.3037726879119873,0.3148192763328552,2.8338418006896973,0.08885495066642761,-1.5430514335632324,1.245266079902649,G1,120,direct,False
14.591564178466797,0.059424012899398804,0.006198295854753063,1.935787558555603,-0.3530110716819763,0.040788713842630386,13.107221603393555,0.0037997956838338605,-0.06613035548117853,1.0372742414474487,G4,120,cot,True
13.986411094665527,0.053835976868867874,-0.005732764736298587,1.8972094058990479,-0.31617194414138794,0.04185331240296364,12.60059642791748,0.00371819392086998,-0.055936234997164824,1.0395183563232422,G4,121,cot,True
14.234335899353027,0.05515563115477562,-0.013680379621444208,1.9075690507888794,-0.3260747194290161,0.04156475141644478,12.44740104675293,0.0034252494453422483,-0.05671489469466673,1.0435829162597656,G3,122,cot,False
13.763749122619629,0.1430080682039261,0.09402694702148437,1.872971773147583,-0.2963034212589264,0.11143598705530167,5.92403507232666,0.004431575265797702,-0.05403222170743075,0.9801841974258423,G2,123,direct,True
14.315315246582031,0.05819327011704445,0.029766761487530123,1.924523949623108,-0.3420509696006775,0.0405002199113369,11.959616661071777,0.0025838098458705406,-0.035436390676806054,1.0049817562103271,G4,123,cot,True
13.531702041625977,0.06954082101583481,-0.00042635991023136615,1.8822813034057617,-0.3029423654079437,0.05183855816721916,9.477422714233398,0.005290881028542153,-0.09588804318354684,1.0683542490005493,G2,124,direct,True
14.639293670654297,0.05738213658332825,0.007643243958873136,1.931097149848938,-0.3488025367259979,0.03979778289794922,13.441511154174805,0.00305288121584923,-0.045823084154436665,1.021275520324707,G4,124,cot,True
14.243592262268066,0.053396303206682205,-0.014907215103026356,1.9089219570159912,-0.3276962339878082,0.04202566668391228,13.566919326782227,0.003945339675391873,-0.06071596145629885,1.045371651649475,G4,125,cot,True
13.84743881225586,0.06812185049057007,-0.03445688100961539,1.871598243713379,-0.29431620240211487,0.05095071718096733,9.23929500579834,0.007517937559347886,-0.128230834374061,1.0825228691101074,G2,126,direct,True
14.454400062561035,0.06460864841938019,-0.017180993864613196,1.9093719720840454,-0.32807594537734985,0.04550096392631531,13.596611022949219,0.0017331306011446061,-0.021126205690445446,0.9365906715393066,G4,126,cot,True
14.18574047088623,0.0533328503370285,-0.009466766926550092,1.907062292098999,-0.3259257972240448,0.04211778938770294,13.229057312011719,0.0037721237107630713,-0.0600635528564453,1.0471864938735962,G4,127,cot,True
14.349306106567383,0.05512985587120056,-0.01743871281223913,1.9128646850585938,-0.3308948576450348,0.04104863479733467,11.79833698272705,0.0036722375260245426,-0.06040962203856439,1.044736623764038,G3,128,cot,False
14.324450492858887,0.061962950974702835,-0.027349277081028106,1.9217380285263062,-0.33990079164505005,0.04563835635781288,13.01848030090332,0.0033975776345018414,-0.0595684524505369,0.97798752784729,G4,129,cot,True
14.405378341674805,0.04815872013568878,0.02428276346575829,1.9263752698898315,-0.3429945707321167,0.04464568570256233,15.573238372802734,-0.0009955487544498136,0.015252215631546513,0.9301629066467285,G3,130,cot,False
14.018062591552734,0.07026953995227814,0.006102790945603442,1.9028372764587402,-0.3236118257045746,0.0541207529604435,8.832609176635742,0.0030529318531982504,-0.0491377327281967,1.0551894903182983,G2,131,direct,True
14.524896621704102,0.0627293512225151,-0.007704040696544031,1.920611023902893,-0.33876267075538635,0.046300869435071945,14.150132179260254,0.002477739775373089,-0.03544969770216173,0.9527449607849121,G4,131,cot,True
14.125732421875,0.05708464980125427,-0.017891856162778788,1.9211714267730713,-0.3389504849910736,0.04531323164701462,12.736578941345215,0.004553798105447523,-0.06595790424654559,1.0344295501708984,G4,132,cot,True
13.74168586730957,0.054614774882793427,-0.08904272971614714,1.884303331375122,-0.30292370915412903,0.029330771416425705,14.24744987487793,0.00961957837665273,-0.14864414353524483,1.2438304424285889,G1,133,direct,False
14.288947105407715,0.05479228124022484,-0.01066948598431002,1.917330026626587,-0.33531343936920166,0.041608776897192,12.864323616027832,0.003643117881109637,-0.05748818228321693,1.043007493019104,G4,133,cot,True
13.744091987609863,0.1268763691186905,0.028107709817953044,1.880576729774475,-0.3030717372894287,0.10318286716938019,6.421844005584717,0.0009994548517507273,-0.0002628739897187773,0.9916621446609497,G2,134,direct,True
14.175954818725586,0.05440907925367355,-0.0064956534293390085,1.9089010953903198,-0.32746610045433044,0.042351286858320236,12.442286491394043,0.003994639169785284,-0.06237570854925341,1.0479825735092163,G4,134,cot,True
13.534965515136719,0.1378830522298813,0.1140380005736451,1.8437947034835815,-0.26794764399528503,0.1113106906414032,6.423007011413574,0.008078928698192944,-0.12545389228767448,1.038272500038147,G2,135,direct,True
14.03154182434082,0.06065741181373596,-0.022696775774801926,1.9126639366149902,-0.33108192682266235,0.04478784650564194,12.740423202514648,0.0043742505893591905,-0.06154253675091652,1.0424855947494507,G4,135,cot,True
13.456488609313965,0.07651492953300476,-0.04686736438585364,1.8756712675094604,-0.2981439530849457,0.05345608666539192,8.855671882629395,0.006617813926676046,-0.1252901608010997,1.0887775421142578,G1,136,direct,False
14.596718788146973,0.058772314339876175,0.01583990281628024,1.9365342855453491,-0.3536005914211273,0.04077119752764702,12.983916282653809,0.0037214487070037472,-0.06413003552344537,1.0372308492660522,G3,136,cot,False
13.669647216796875,0.04354868084192276,0.04703796332882296,1.8784147500991821,-0.2989630401134491,0.03302217647433281,9.306741714477539,-0.0014086500290901428,0.04508272890121706,0.9585222005844116,G1,137,direct,False
14.482748031616211,0.06356074661016464,-0.007251282661191881,1.9149844646453857,-0.3337344527244568,0.04643751680850983,14.284969329833984,0.002155485478860717,-0.031120218769196552,0.9406060576438904,G4,137,cot,True
14.134413719177246,0.06621745973825455,-0.023357168320686586,1.9038563966751099,-0.32333073019981384,0.04657389968633652,13.646943092346191,0.003073153086006641,-0.05285135661402056,0.9617227911949158,G4,138,cot,True
13.840813636779785,0.07127580791711807,-0.039459402853321175,1.892074704170227,-0.3134956359863281,0.05374898388981819,8.90776538848877,0.005459483580391398,-0.0986774420078564,1.0703755617141724,G2,139,direct,True
14.636802673339844,0.059780657291412354,0.003195738023327244,1.9402179718017578,-0.35722389817237854,0.041007064282894135,13.55223560333252,0.0038472947574430894,-0.06819162945593557,1.037744402885437,G4,139,cot,True
14.069901466369629,0.05337432026863098,-0.015083619856065322,1.9005879163742065,-0.32001402974128723,0.042160261422395706,12.81258487701416,0.003596044007328248,-0.056659255489226304,1.0437992811203003,G4,140,cot,True
13.934273719787598,0.06437774002552032,0.044566776098743564,1.9122799634933472,-0.330290287733078,0.035229865461587906,8.524409294128418,0.00025857966994085604,0.0007289801874468403,1.0216004848480225,G1,141,direct,False
14.940654754638672,0.05313129723072052,0.0191465970008604,1.9406434297561646,-0.3574732542037964,0.0412784144282341,13.81732177734375,0.0026378111132690984,-0.03362069668308381,0.9977465867996216,G3,141,cot,False
14.01026725769043,0.059281378984451294,-0.027521019981753436,1.9120434522628784,-0.33054718375205994,0.04518844559788704,12.746930122375488,0.004297605144881433,-0.06622662774978144,1.0397303104400635,G4,142,cot,True
13.748525619506836,0.0432099848985672,0.042957530867668896,1.8810787200927734,-0.3012147545814514,0.03332199156284332,8.59559440612793,-0.0011394616096250469,0.034213155508041375,0.9633015394210815,G1,143,direct,False
14.632010459899902,0.06306474655866623,-0.002465331554412842,1.9173699617385864,-0.33585450053215027,0.04613642394542694,13.898820877075195,0.00035328736468669017,-0.004035265984073752,0.9173465967178345,G3,143,cot,False
13.31749439239502,0.06257978826761246,-0.007943819415184768,1.8710286617279053,-0.29157373309135437,0.044257864356040955,9.308937072753906,0.002811765322281469,-0.04137034839199434,0.9942808747291565,G1,144,direct,False
14.61612606048584,0.06211089715361595,0.0001630767699210889,1.9202134609222412,-0.3386358916759491,0.04615026339888573,14.382284164428711,0.001143671608259601,-0.01725277996832324,0.9307113289833069,G3,144,cot,False
13.226637840270996,0.06602460145950317,0.019472436558815736,1.877670168876648,-0.29724010825157166,0.02327396720647812,8.663846015930176,-0.0007121946181981795,0.024273896601892293,0.9651169180870056,G1,145,direct,False
14.009425163269043,0.06784040480852127,-0.030656354273519197,1.918870210647583,-0.3344929814338684,0.041812919080257416,14.814509391784668,0.0018371151579964543,-0.03772604004029306,0.9340175986289978,G3,145,cot,False
14.141194343566895,0.05923296511173248,-0.01892927577418666,1.9152792692184448,-0.33363497257232666,0.0456022210419178,13.13583755493164,0.004497607292667511,-0.0654850713668331,1.0458712577819824,G4,146,cot,True
13.668940544128418,0.0735212117433548,-0.04120080140920786,1.8790451288223267,-0.30191466212272644,0.05059191957116127,8.919337272644043,0.006187897507960978,-0.113543460552509,1.0584791898727417,G2,147,direct,True
14.339092254638672,0.06511944532394409,-0.017727114308264947,1.9203155040740967,-0.33907097578048706,0.04605099558830261,13.713595390319824,0.003058331646025181,-0.053703735336180655,0.9591233730316162,G4,147,cot,True
13.686209678649902,0.07111050933599472,0.01135373820429263,1.8711411952972412,-0.29443326592445374,0.051750585436820984,8.409219741821289,0.0043163879150929655,-0.06587062130803648,1.043498158454895,G2,148,direct,True
14.155820846557617,0.06432028114795685,-0.01981968495153612,1.90269136428833,-0.3221415877342224,0.0463147908449173,13.623954772949219,0.002971893789306764,-0.0473363374510119,0.9605599045753479,G4,148,cot,True
13.757165908813477,0.06595929712057114,-0.03495140369121845,1.8773094415664673,-0.3003549575805664,0.050182271748781204,9.801791191101074,0.008206441631683936,-0.14936062739445613,1.095575213432312,G2,149,direct,True
14.436023712158203,0.06714989244937897,-0.02136274960733229,1.9090937376022339,-0.3278387784957886,0.04576018825173378,13.923745155334473,0.0017384519920714439,-0.023750723561932956,0.9290745854377747,G4,149,cot,True
10.788214683532715,0.39215999841690063,-1.360090160369873,1.7237811088562012,-0.15127776563167572,0.38510891795158386,2.6883633136749268,0.14467114508152007,-2.7660265922546388,1.5068347454071045,G1,150,direct,False
14.109240531921387,0.05206457898020744,-0.02223124234907088,1.9094265699386597,-0.3283548653125763,0.04145649075508118,12.895299911499023,0.0036101327067421343,-0.05368341668959584,1.0354454517364502,G4,150,cot,True
14.231269836425781,0.05319143086671829,-0.018465592015174122,1.9134595394134521,-0.3320353627204895,0.041221193969249725,12.798866271972656,0.0036045194032692136,-0.054375465454593784,1.0384502410888672,G4,151,cot,True
14.198036193847656,0.05918246880173683,-0.02908247401637416,1.920976161956787,-0.33892494440078735,0.04593804106116295,12.352617263793945,0.0047094507683669365,-0.06443430762137134,1.0305004119873047,G4,152,cot,True
14.154035568237305,0.05900837108492851,-0.017627833735558294,1.9158813953399658,-0.3340921401977539,0.046982549130916595,12.760793685913086,0.004709536546180325,-0.07163017142203545,1.0416203737258911,G4,153,cot,True
14.267070770263672,0.05300769954919815,0.005182680776042323,1.9184868335723877,-0.33636823296546936,0.04040275514125824,12.019471168518066,0.0031950557904858743,-0.042417114396249095,1.0227457284927368,G4,154,cot,True
14.63660717010498,0.06343056261539459,-0.0018163165738505685,1.9157711267471313,-0.3342480957508087,0.04622581601142883,13.931374549865723,0.0008508373832991049,-0.013133495276974095,0.9233388304710388,G4,155,cot,True
13.537296295166016,0.06336338073015213,0.006066286179327194,1.8950430154800415,-0.3136160969734192,0.022923098877072334,8.304303169250488,1.679185417390697e-05,0.010481850562557096,0.9661492705345154,G1,156,direct,False
14.938319206237793,0.05322929099202156,0.035064435005187994,1.937847375869751,-0.35474878549575806,0.04200045019388199,13.275959014892578,0.0029190563386486423,-0.035979457439914826,0.9994505047798157,G4,156,cot,True
14.0537109375,0.05915124714374542,-0.029421909778348854,1.9152368307113647,-0.3336179852485657,0.04542900621891022,13.086874008178711,0.0045793386536740486,-0.06796830315743722,1.0414988994598389,G4,157,cot,True
14.179075241088867,0.05361431464552879,-0.016366743656896776,1.9073601961135864,-0.3261829614639282,0.04210590198636055,13.317654609680176,0.003859787422322457,-0.06041422044077227,1.0476163625717163,G4,158,cot,True
13.932341575622559,0.06524797528982162,-0.028238412419797874,1.8958293199539185,-0.31737932562828064,0.054559141397476196,9.00847339630127,0.008186400614001534,-0.1433732764051837,1.082862377166748,G2,159,direct,True
14.90787124633789,0.05318209528923035,0.04210327171510267,1.9495760202407837,-0.36560916900634766,0.04229150339961052,13.774662971496582,0.002966155922941623,-0.0335550642782642,0.9968350529670715,G4,159,cot,True
13.39434814453125,0.06420774012804031,-0.011927772354293653,1.8823204040527344,-0.3027694523334503,0.04715120419859886,9.546793937683105,0.005260105498398909,-0.09709141164181143,1.0671570301055908,G2,160,direct,True
14.335244178771973,0.05068274214863777,-0.0033666929891032543,1.9124507904052734,-0.33179089426994324,0.04524813964962959,11.398123741149902,0.0037986631475148656,-0.05843805074691773,1.0440342426300049,G4,160,cot,True
14.279394149780273,0.06583098322153091,-0.029552535856923752,1.9138281345367432,-0.33247891068458557,0.046699315309524536,13.212990760803223,0.0030442473809084583,-0.052682499154921514,0.9635006189346313,G3,161,cot,False
14.274381637573242,0.05401533842086792,-0.014343107515765771,1.9200984239578247,-0.3380100131034851,0.04114576429128647,12.441452980041504,0.003595497122695368,-0.055141700852301814,1.0380946397781372,G4,162,cot,True
14.513886451721191,0.06471490859985352,0.006536167283211984,1.9063984155654907,-0.3253510594367981,0.04570557177066803,13.941596984863281,0.001035718493644268,-0.012441714925150718,0.9273892641067505,G3,163,cot,False
14.435138702392578,0.06505648046731949,-0.022022445355692217,1.9139137268066406,-0.33273249864578247,0.04654471203684807,13.640351295471191,0.0031419666544083616,-0.05116969558500475,0.9584072232246399,G4,164,cot,True
13.490160942077637,0.134475439786911,0.06459167120339987,1.8460040092468262,-0.2702818512916565,0.1076766699552536,6.447333335876465,0.006386644981957815,-0.11635300829693987,1.046834111213684,G2,165,direct,True
14.03021240234375,0.05453544855117798,-0.010166317032229519,1.8935900926589966,-0.312768816947937,0.041953761130571365,12.663259506225586,0.004157020151615143,-0.06192506436378727,1.0459407567977905,G4,165,cot,True
13.33710765838623,0.0715339258313179,-0.06882392573560406,1.8623268604278564,-0.2832784354686737,0.04920276254415512,9.025228500366211,0.006739125455546583,-0.1310448201497396,1.093111515045166,G1,166,direct,False
14.628849029541016,0.059835489839315414,-0.00505057996319186,1.9342036247253418,-0.35152944922447205,0.04066675901412964,12.699166297912598,0.0037190071277080046,-0.066793567134488,1.039753794670105,G3,166,cot,False
13.218345642089844,0.07150544971227646,-0.064534391966786,1.864579677581787,-0.285643607378006,0.04840625077486038,9.67056941986084,0.007900911336707835,-0.15814176671234242,1.1205716133117676,G1,167,direct,False
14.571972846984863,0.05893712490797043,0.003970030046278431,1.940401554107666,-0.35744303464889526,0.04112528637051582,13.092697143554688,0.0037961648717041935,-0.0683327317237854,1.036576509475708,G4,167,cot,True
13.865747451782227,0.06637438386678696,-0.08942473191481369,1.8883237838745117,-0.30999866127967834,0.04981372505426407,9.6770658493042,0.00876849149282162,-0.16132192905132586,1.1162554025650024,G1,168,direct,False
14.989251136779785,0.05356333404779434,0.029620991599175243,1.94146728515625,-0.3581485450267792,0.04163234680891037,13.293712615966797,0.0026686773485233703,-0.0316900453259868,0.9974305629730225,G3,168,cot,False
14.272321701049805,0.06737984716892242,-0.0373018664698447,1.9045360088348389,-0.3238276541233063,0.04678703844547272,13.838671684265137,0.002240501927031624,-0.03927493922172055,0.94757080078125,G3,169,cot,False
14.08700942993164,0.06868013739585876,-0.03943798695841143,1.9213565587997437,-0.3371413052082062,0.04144982993602753,14.87370777130127,0.0015723156592538285,-0.03752318486090629,0.9350401163101196,G4,170,cot,True
14.584819793701172,0.06006534397602081,-0.005862380996827161,1.9415394067764282,-0.35824424028396606,0.04085333272814751,12.873517990112305,0.004143501673975299,-0.07375224982538531,1.0430619716644287,G4,171,cot,True
14.179948806762695,0.05917602777481079,-0.02746407870323428,1.9143567085266113,-0.3324984908103943,0.04414869099855423,12.608926773071289,0.003865311072478371,-0.057627894032386016,1.027675747871399,G3,172,cot,False
13.977609634399414,0.05856537073850632,-0.019429349514745897,1.9092004299163818,-0.32787007093429565,0.04606112092733383,13.068909645080566,0.00451961399446572,-0.062194269703280555,1.036564588546753,G3,173,cot,False
14.333412170410156,0.05397270992398262,-0.017653216085126322,1.9243559837341309,-0.3419870436191559,0.04052447900176048,12.11490249633789,0.0036641727532109917,-0.056584208626900924,1.0426239967346191,G4,174,cot,True
14.180893898010254,0.05282554402947426,-0.009969415203217532,1.9140937328338623,-0.33240365982055664,0.04107322916388512,12.141332626342773,0.003559236528892672,-0.05259962889455977,1.0345919132232666,G4,175,cot,True
14.401015281677246,0.05310937762260437,0.0020909686242380435,1.9245754480361938,-0.34225696325302124,0.04023877531290054,12.648558616638184,0.0031855961007456616,-0.04342835833949427,1.0117603540420532,G4,176,cot,True
14.198990821838379,0.05460961535573006,-0.015413882270936041,1.9072664976119995,-0.3258478045463562,0.04192577302455902,12.467391014099121,0.004148651587386287,-0.0649747214009685,1.0531508922576904,G4,177,cot,True
13.248927116394043,0.0692184790968895,-0.027395111912903263,1.8664487600326538,-0.287615031003952,0.045928895473480225,9.091330528259277,0.006248951113217504,-0.11472194156949482,1.0789045095443726,G1,178,direct,False
14.208340644836426,0.0646374523639679,-0.030031971008546883,1.9068878889083862,-0.3261064887046814,0.04682687297463417,13.860695838928223,0.0027800818424551714,-0.04812450543526679,0.9555031657218933,G4,178,cot,True
13.293564796447754,0.07928802818059921,-0.08741556835989668,1.8319716453552246,-0.2565014660358429,0.05031982436776161,10.117719650268555,0.008702433659480169,-0.16546530275263338,1.1384977102279663,G1,179,direct,False
14.429861068725586,0.06507100909948349,0.008086809804362636,1.9025216102600098,-0.3219182789325714,0.04725179076194763,14.267603874206543,0.0010856162215913496,-0.016174587895793312,0.9315250515937805,G3,179,cot,False
13.660239219665527,0.07236739248037338,-0.10330549680269682,1.866463303565979,-0.2895721197128296,0.04976871982216835,10.330586433410645,0.00887684680457808,-0.17041182232718183,1.139284372329712,G2,180,direct,True
14.674241065979004,0.06132921203970909,-0.008891431362398205,1.9197890758514404,-0.3381929099559784,0.04586987942457199,14.232734680175781,0.000583950400112137,-0.007493286171267109,0.9252604842185974,G3,180,cot,False
14.325772285461426,0.0644393265247345,-0.023289633950879508,1.9152122735977173,-0.333938866853714,0.04615015164017677,13.840988159179688,0.0025898321802096977,-0.04679951283239549,0.9594602584838867,G3,181,cot,False
14.273087501525879,0.05483439937233925,0.018386788522043535,1.9064422845840454,-0.3248947858810425,0.04171600565314293,11.474161148071289,0.002730403636251727,-0.0315932035446167,0.9970158934593201,G4,182,cot,True
14.120049476623535,0.06878829002380371,-0.03884895463143625,1.9289332628250122,-0.3444259464740753,0.041878849267959595,14.907126426696777,0.0020467259590664214,-0.043972956365154636,0.942245602607727,G3,183,cot,False
14.095306396484375,0.05805913358926773,-0.008187666631514021,1.9146238565444946,-0.3330996334552765,0.046081189066171646,13.079222679138184,0.004293377679442207,-0.059306487344926405,1.0293160676956177,G4,184,cot,True
14.0226411819458,0.06698629260063171,-0.05300395924112072,1.8971681594848633,-0.31821760535240173,0.05241191387176514,9.141387939453125,0.008381715429865795,-0.14531948296920114,1.1065603494644165,G2,185,direct,True
14.938000679016113,0.05538993701338768,0.022898897817057947,1.9519656896591187,-0.36782926321029663,0.04197756201028824,13.520184516906738,0.003277401800357526,-0.04317619608294579,1.0033761262893677,G3,185,cot,False
14.180723190307617,0.052600134164094925,-0.014673489524472144,1.909490704536438,-0.3280823826789856,0.04136253520846367,12.446121215820312,0.0037347267231633598,-0.056596877498011434,1.0417054891586304,G4,186,cot,True
13.9866943359375,0.06762410700321198,-0.07186714421147886,1.8997079133987427,-0.3205658793449402,0.05162800848484039,9.07544994354248,0.009652116441208383,-0.18364661672840946,1.1384942531585693,G2,187,direct,True
15.053779602050781,0.05315309762954712,0.03228123264928018,1.9486788511276245,-0.36473390460014343,0.04125978797674179,13.208036422729492,0.002779202806132455,-0.034677487034951486,0.9994902610778809,G3,187,cot,False
13.828722953796387,0.0644591748714447,-0.020452398153451772,1.8920884132385254,-0.31419292092323303,0.05005350336432457,9.789027214050293,0.009596855411162742,-0.17420405828035795,1.1096153259277344,G2,188,direct,True
14.584135055541992,0.06402100622653961,-0.004188074604157479,1.9181410074234009,-0.33666476607322693,0.045917920768260956,14.001936912536621,0.0012620951018987162,-0.01770595408255054,0.9298354387283325,G4,188,cot,True
13.457019805908203,0.06514903157949448,0.035341424903561985,1.9085001945495605,-0.3269888162612915,0.02253449521958828,8.90540885925293,-0.0007841389385923267,0.027048067315932244,0.9610242247581482,G1,189,direct,False
14.803606986999512,0.05294223129749298,0.0319165010606089,1.9410815238952637,-0.3580872118473053,0.04187391698360443,14.138619422912598,0.0027972757756229366,-0.03550742133971184,0.9982024431228638,G3,189,cot,False
14.056278228759766,0.13424013555049896,0.10022957541725852,1.8907277584075928,-0.3132219910621643,0.10869064927101135,6.162792682647705,0.00451842492276972,-0.06014901941472835,0.9847935438156128,G2,190,direct,True
14.229411125183105,0.05453602224588394,-0.009744363830935571,1.909167766571045,-0.32746729254722595,0.04207266494631767,12.387703895568848,0.004089674798230971,-0.06419755066594768,1.0509698390960693,G4,190,cot,True
14.063047409057617,0.053680773824453354,-0.011390032691340288,1.8987051248550415,-0.31789639592170715,0.04186553508043289,12.604528427124023,0.0037504631785615786,-0.05492633850343768,1.038181185722351,G4,191,cot,True
13.979377746582031,0.06500109285116196,-0.06594009179335375,1.8951148986816406,-0.3166868984699249,0.051025550812482834,9.779224395751953,0.007633410348342014,-0.1370799812903771,1.0981916189193726,G2,192,direct,True
14.154150009155273,0.06913464516401291,-0.04326116211952702,1.9293104410171509,-0.34459322690963745,0.041185975074768066,14.844775199890137,0.001725290535438445,-0.036724626056609616,0.9340159296989441,G3,192,cot,False
13.641586303710938,0.13146914541721344,0.014517590716168597,1.8485527038574219,-0.2727585434913635,0.10469226539134979,6.298101902008057,9.647178483176103e-05,0.017161132572414164,0.9748486280441284,G2,193,direct,True
14.151545524597168,0.057632576674222946,-0.01838380790525867,1.9160494804382324,-0.3343905508518219,0.04544045403599739,12.638940811157227,0.004999580372485423,-0.07362092541110134,1.044208288192749,G4,193,cot,True
14.209563255310059,0.054076455533504486,-0.013890351403144097,1.9125827550888062,-0.33059197664260864,0.04121595621109009,11.970338821411133,0.0038557732778210785,-0.058115562315910085,1.0426032543182373,G4,194,cot,True
13.475041389465332,0.06505356729030609,-0.012594328003544967,1.877404808998108,-0.2977411448955536,0.04383323714137077,7.850350856781006,0.0024085721902308926,-0.038000156033423646,1.0009336471557617,G1,195,direct,False
14.63572883605957,0.061689019203186035,-0.0079517456793016,1.9188625812530518,-0.33729028701782227,0.04551423713564873,13.490538597106934,0.0012305958196520805,-0.015098384695668373,0.9283077120780945,G3,195,cot,False
14.119550704956055,0.05877090245485306,-0.02005882609275079,1.9151673316955566,-0.33340880274772644,0.046586841344833374,12.67765998840332,0.004777578697089226,-0.07110000579587873,1.0479528903961182,G4,196,cot,True
13.85642147064209,0.06201862171292305,-0.05707159841162527,1.878739595413208,-0.30166855454444885,0.04749608784914017,10.766557693481445,0.007103340269153953,-0.12546296698415382,1.1125376224517822,G2,197,direct,True
14.705069541931152,0.06200503557920456,-0.001512143304271085,1.921534776687622,-0.33982956409454346,0.046226583421230316,14.523459434509277,0.0007942238341896769,-0.010196941129622916,0.926984429359436,G4,197,cot,True
13.798138618469238,0.07452923059463501,-0.023950210201881615,1.89634370803833,-0.31754669547080994,0.05378362163901329,8.472270965576172,0.0058744260857227755,-0.10131137455876166,1.0633224248886108,G2,198,direct,True
14.589771270751953,0.05958765372633934,0.01200636625289917,1.9419986009597778,-0.3587400019168854,0.04125232622027397,12.930992126464844,0.00391272513135787,-0.06475304672794957,1.0329638719558716,G4,198,cot,True
14.133587837219238,0.05706338956952095,-0.01854311881526824,1.9118874073028564,-0.33044469356536865,0.04573756828904152,13.291844367980957,0.004593844549550165,-0.07176407537152693,1.0372097492218018,G4,199,cot,True
14.847042083740234,0.05355774983763695,0.0300357534039405,1.940316915512085,-0.35727012157440186,0.04160210117697716,14.1129789352417,0.0028707647816308083,-0.035339638110130064,0.997894823551178,G3,200,cot,False
14.247437477111816,0.06503928452730179,-0.022639262676239013,1.9144452810287476,-0.33343034982681274,0.046527452766895294,13.37258529663086,0.00312903564303152,-0.05238142551914336,0.9680463075637817,G4,201,cot,True
14.255961418151855,0.053736843168735504,-0.01358506602625693,1.916775107383728,-0.33440107107162476,0.040845226496458054,11.693058013916016,0.0038521632672317563,-0.057206093880438014,1.0435789823532104,G4,202,cot,True
14.261614799499512,0.059456370770931244,-0.028942518080434493,1.9233421087265015,-0.34103327989578247,0.04514418914914131,11.933634757995605,0.004569614780766347,-0.06655789844451414,1.0396556854248047,G3,203,cot,False
13.991231918334961,0.06821330636739731,-0.033824900657899906,1.9163907766342163,-0.3324804902076721,0.04159804806113243,14.730328559875488,0.0015766280913545234,-0.037419302040530775,0.9329283237457275,G3,204,cot,False
14.17857837677002,0.05684925988316536,-0.020240524507338,1.9162788391113281,-0.3346538543701172,0.045452699065208435,13.413569450378418,0.004563106975007442,-0.07104558367883007,1.0369468927383423,G4,205,cot,True
14.367849349975586,0.06611736863851547,-0.033002904153639254,1.9116424322128296,-0.33055222034454346,0.046388085931539536,13.692447662353516,0.0028122363672141103,-0.04835404273002379,0.9498982429504395,G4,206,cot,True
14.215188026428223,0.05376303568482399,-0.009948962734591579,1.9079526662826538,-0.32650601863861084,0.04180864989757538,12.680072784423828,0.003564392931519015,-0.05656965124991634,1.0402694940567017,G4,207,cot,True
13.28353214263916,0.07295212149620056,-0.03817583498646198,1.852067470550537,-0.27425485849380493,0.04766283184289932,9.436311721801758,0.005258393284019824,-0.10370635462331247,1.0822721719741821,G1,208,direct,False
14.606725692749023,0.06260483711957932,-0.00350665238595778,1.9166773557662964,-0.33529046177864075,0.046765148639678955,13.999465942382812,0.0016867798302442783,-0.024112425119646137,0.9338032007217407,G4,208,cot,True
14.112834930419922,0.05797618255019188,-0.0220918886123165,1.9132736921310425,-0.331758588552475,0.04652034863829613,12.98443603515625,0.004599742080655791,-0.06973438032211796,1.0445243120193481,G4,209,cot,True
14.169217109680176,0.05321633815765381,-0.011207020282745363,1.9090012311935425,-0.32746127247810364,0.04129048064351082,12.332521438598633,0.003640621095415083,-0.05350659047403641,1.0368858575820923,G4,210,cot,True
14.305216789245605,0.053920917212963104,-0.014348685741424566,1.9161254167556763,-0.33428940176963806,0.041536688804626465,12.990705490112305,0.003549613647403257,-0.05683431894548476,1.0420589447021484,G3,211,cot,False
14.189351081848145,0.06592358648777008,-0.02256861425215198,1.9016607999801636,-0.32118478417396545,0.04713615030050278,13.944506645202637,0.0030581581616593943,-0.049889510485433775,0.9571315050125122,G4,212,cot,True
13.680402755737305,0.04000138118863106,0.04864204852811751,1.8847451210021973,-0.30504170060157776,0.03335845470428467,9.14990520477295,-0.001740544974323242,0.04777887713524603,0.9555503726005554,G1,213,direct,False
14.505938529968262,0.0620308481156826,-0.009245484106002316,1.913303256034851,-0.33205878734588623,0.046118780970573425,14.309846878051758,0.0017947970078356803,-0.02208316806823976,0.9391465187072754,G4,213,cot,True
13.774269104003906,0.04214765504002571,0.05421555426812941,1.8828054666519165,-0.3031425178050995,0.03324880450963974,9.351155281066895,-0.0013589229554899275,0.04618201851844787,0.9562289118766785,G1,214,direct,False
14.510541915893555,0.06332798302173615,-0.010983057945005358,1.9140692949295044,-0.3328450322151184,0.04676058515906334,14.59058952331543,0.0017463698442424503,-0.021435177133929346,0.9345916509628296,G4,214,cot,True
14.352421760559082,0.04851153865456581,0.018694309649928922,1.9104422330856323,-0.3289271891117096,0.044764965772628784,10.790435791015625,0.000718322131902941,-0.005479089675411107,0.9863274097442627,G4,215,cot,True
11.46938419342041,0.34510794281959534,-1.0486125946044922,1.790961742401123,-0.21818359196186066,0.340445876121521,2.7906270027160645,0.12053016424179078,-2.2001992225646974,1.3901129961013794,G1,216,direct,False
14.068094253540039,0.06805811077356339,-0.03501756595027063,1.9263375997543335,-0.3417585492134094,0.041520122438669205,14.674574851989746,0.0017771146951183199,-0.03762410206179465,0.9337149858474731,G3,216,cot,False
14.068741798400879,0.06256533414125443,-0.03417208579278761,1.9167550802230835,-0.334696888923645,0.0452922098338604,11.954754829406738,0.004180966792327742,-0.060014620903999574,1.026530385017395,G4,217,cot,True
14.24599838256836,0.05436123162508011,-0.012041594905237997,1.9143073558807373,-0.3324027955532074,0.04127327352762222,12.941056251525879,0.003622060677697581,-0.05461831515835179,1.036868929862976,G4,218,cot,True
13.878822326660156,0.06524578481912613,-0.03434181586555812,1.896295428276062,-0.31783527135849,0.05126208811998367,9.612683296203613,0.007929071162057962,-0.1412896040211553,1.1167352199554443,G2,219,direct,True
14.0745210647583,0.06908348202705383,-0.03587166513166121,1.9255452156066895,-0.34102219343185425,0.04157554730772972,15.175349235534668,0.0016795488495019166,-0.0343096592733937,0.9321548938751221,G4,219,cot,True
14.366684913635254,0.061374276876449585,0.02234193932625556,1.926304578781128,-0.3431246876716614,0.04659911245107651,14.268214225769043,0.00022489474185051492,-0.00011513425457862402,0.9147959351539612,G3,220,cot,False
14.466269493103027,0.06432946026325226,-0.02601244334251649,1.9210693836212158,-0.33934125304222107,0.04603568837046623,13.475495338439941,0.0021053147412115523,-0.03540899022932975,0.952472448348999,G4,221,cot,True
14.146590232849121,0.0529734268784523,-0.008888595719491282,1.9156382083892822,-0.33384835720062256,0.04142206162214279,12.666851043701172,0.003671365603804588,-0.055207472847354,1.0406467914581299,G4,222,cot,True
14.0651216506958,0.05363604798913002,-0.014747354676646573,1.8981492519378662,-0.31765881180763245,0.042239222675561905,12.749452590942383,0.0035768786986028005,-0.05577624959330405,1.041426181793213,G4,223,cot,True
13.993732452392578,0.05189770460128784,-0.0006032336142755324,1.9008985757827759,-0.3195952773094177,0.041413113474845886,12.150132179260254,0.006283191651586563,-0.10259011753143805,1.1317076683044434,G4,224,cot,True
13.703067779541016,0.14182476699352264,0.03160512230613017,1.8635666370391846,-0.286955863237381,0.11148767918348312,5.882974147796631,0.009461519122123719,-0.17205746390602805,1.0179204940795898,G2,225,direct,True
14.17117977142334,0.05815503001213074,-0.019500572835245443,1.9161028861999512,-0.33424440026283264,0.046770695596933365,13.186067581176758,0.004985550148112158,-0.07354266912706439,1.0451430082321167,G4,225,cot,True
14.62839126586914,0.058525506407022476,0.003216796152053342,1.9472371339797974,-0.36379194259643555,0.040617089718580246,12.37867546081543,0.004060998006213097,-0.07222781258244668,1.0450758934020996,G4,226,cot,True
14.124469757080078,0.058520231395959854,-0.024384357083228326,1.9124637842178345,-0.3308275043964386,0.044976383447647095,12.386098861694336,0.003727936402203575,-0.054545604029009445,1.0215818881988525,G4,227,cot,True
14.161275863647461,0.06896166503429413,-0.04744200610345409,1.9312525987625122,-0.3461700677871704,0.041720159351825714,15.056266784667969,0.002221920833952965,-0.04537878459499727,0.9404613375663757,G3,228,cot,False
14.194815635681152,0.05724586173892021,-0.02289918776481382,1.9149073362350464,-0.333244651556015,0.045513227581977844,12.52880859375,0.004534342686735814,-0.06645739655340868,1.0359221696853638,G4,229,cot,True
13.813333511352539,0.06598752737045288,-0.0389429495884822,1.8649578094482422,-0.28823837637901306,0.050442878156900406,9.781562805175781,0.008450103195813987,-0.15426935269282416,1.0984488725662231,G1,230,direct,False
14.289144515991211,0.05023834854364395,0.01701505914811165,1.9206429719924927,-0.3376239538192749,0.0449679009616375,15.220724105834961,-0.0011025537286073936,0.018559394728752864,0.9257633686065674,G3,230,cot,False
14.123241424560547,0.05368731543421745,-0.008222117731648108,1.9118711948394775,-0.33007630705833435,0.04132523387670517,12.019315719604492,0.0036329193942008487,-0.05352760322632329,1.0360661745071411,G4,231,cot,True
13.870270729064941,0.06477300077676773,-0.05026719574235444,1.8771600723266602,-0.2999933958053589,0.04900761693716049,10.681010246276855,0.008364527796068763,-0.14428473317725027,1.1121736764907837,G2,232,direct,True
14.666486740112305,0.06386395543813705,-0.012120445312992221,1.9151769876480103,-0.3336491286754608,0.046514444053173065,14.328971862792969,0.0015575478514355998,-0.023018969643500538,0.9326802492141724,G3,232,cot,False
14.098206520080566,0.060144372284412384,-0.02086586106208063,1.9124518632888794,-0.33087557554244995,0.04637224227190018,12.930834770202637,0.0047922205900953665,-0.06832722733097692,1.0135610103607178,G4,233,cot,True
14.150202751159668,0.054459214210510254,-0.009981576473482193,1.903723120689392,-0.32229188084602356,0.041255559772253036,12.700764656066895,0.003701115375564943,-0.056430908941453486,1.0414984226226807,G4,234,cot,True
13.639891624450684,0.06522530317306519,-0.08655656276605068,1.8566051721572876,-0.27988845109939575,0.0487556979060173,9.771835327148438,0.008355834962975265,-0.14918921772231405,1.1222771406173706,G1,235,direct,False
14.598679542541504,0.06341438740491867,-0.011811069134742983,1.917374849319458,-0.3358162045478821,0.046922869980335236,14.01569938659668,0.000997124119631706,-0.013648273483399424,0.9235600233078003,G3,235,cot,False
13.532170295715332,0.06428204476833344,0.020413276841563563,1.9021259546279907,-0.32097476720809937,0.022984927520155907,9.020368576049805,-0.0005446833227911302,0.02112573673648219,0.9656838178634644,G1,236,direct,False
14.118858337402344,0.06844572722911835,-0.040878577962998416,1.9301707744598389,-0.34545233845710754,0.04164411500096321,15.01871395111084,0.0017038292702167258,-0.038110573445597,0.9343288540840149,G4,236,cot,True
14.420453071594238,0.04734060540795326,0.018448287825430593,1.9271084070205688,-0.343614786863327,0.04432837292551994,15.425322532653809,-0.0010838095459245866,0.01903953475336874,0.9255280494689941,G3,237,cot,False
14.081018447875977,0.06117511913180351,-0.024444373961417912,1.903881311416626,-0.3225809633731842,0.04606800898909569,12.806829452514648,0.004623546493389913,-0.06801387033154885,1.0345553159713745,G4,238,cot,True
13.547686576843262,0.06347827613353729,0.013259749258718182,1.9006831645965576,-0.3191051781177521,0.02274911105632782,8.613199234008789,-0.000214417483056745,0.015182813713627476,0.9652166962623596,G1,239,direct,False
14.917374610900879,0.05388084053993225,0.035599160963489154,1.940066933631897,-0.35689955949783325,0.04203229025006294,13.276854515075684,0.00285746069444764,-0.03762897329945718,0.9998251795768738,G3,239,cot,False
14.144976615905762,0.052790988236665726,-0.00995044054523591,1.9138848781585693,-0.3321066200733185,0.041449133306741714,12.606353759765625,0.0037050537765026107,-0.05592446250300254,1.040076732635498,G4,240,cot,True
14.320900917053223,0.05327020213007927,-0.017223195875844647,1.919092059135437,-0.3370242416858673,0.041010208427906036,12.611841201782227,0.003554356711045388,-0.052916762136643924,1.0353572368621826,G4,241,cot,True
14.436976432800293,0.0658116415143013,-0.01903681485883651,1.9173486232757568,-0.33613935112953186,0.0463598258793354,13.971120834350586,0.0020247705220695464,-0.03002509013299018,0.9440186619758606,G3,242,cot,False
14.054574012756348,0.055785298347473145,-0.005783473291704733,1.89486563205719,-0.3140074610710144,0.042132146656513214,12.661421775817871,0.0034928508223064482,-0.056637069871348734,1.0439602136611938,G4,243,cot,True
13.283085823059082,0.07147188484668732,-0.06906598595326928,1.856668472290039,-0.27770909667015076,0.04721028730273247,10.07926082611084,0.0066874429528966505,-0.12888864254049037,1.1000709533691406,G1,244,direct,False
14.4756441116333,0.06486727297306061,-0.0224722154678837,1.922115683555603,-0.34042835235595703,0.0459761917591095,13.68957805633545,0.002011873044313923,-0.03660082067212751,0.9471079111099243,G3,244,cot,False
14.118782997131348,0.05359197407960892,-0.005277554835042645,1.909795880317688,-0.32835593819618225,0.041798368096351624,12.644121170043945,0.003931165750949614,-0.05704767204100086,1.0410603284835815,G4,245,cot,True
14.154730796813965,0.054976191371679306,-0.00919877598362584,1.9020893573760986,-0.3208202123641968,0.04180997982621193,12.526820182800293,0.0034774789646748573,-0.05631266793897074,1.0440363883972168,G3,246,cot,False
14.108837127685547,0.054284412413835526,-0.013983185445108726,1.8942947387695312,-0.31391027569770813,0.0421091727912426,13.16860580444336,0.0035817518229446085,-0.057472482804329164,1.0438263416290283,G4,247,cot,True
13.459975242614746,0.07213345170021057,-0.026863881257864146,1.8859658241271973,-0.3062874972820282,0.05008529871702194,9.515705108642578,0.004455030308319972,-0.0812719491811899,1.094629168510437,G1,248,direct,False
14.517803192138672,0.06437337398529053,-0.012634880312027471,1.9114614725112915,-0.32996031641960144,0.04731094092130661,13.5432710647583,0.0018527057382368276,-0.024025621145002295,0.9442626237869263,G4,248,cot,True
10.76986026763916,0.3745657205581665,-1.4860709190368653,1.7387803792953491,-0.16626393795013428,0.37046846747398376,2.674776077270508,0.1361716091632843,-2.6442388534545898,1.5145925283432007,G1,249,direct,False
14.445749282836914,0.06487155705690384,-0.028956280985186177,1.9242600202560425,-0.3424797058105469,0.04625023901462555,13.579692840576172,0.002483113434526228,-0.042991097127237615,0.9551242589950562,G4,249,cot,True
14.115056037902832,0.05449889972805977,-0.007624245843579692,1.9024887084960938,-0.3214133083820343,0.042121522128582,12.695650100708008,0.0035329675962848042,-0.05635882385315434,1.0425740480422974,G4,250,cot,True
14.346943855285645,0.06497301906347275,-0.025970767774889537,1.9152790307998657,-0.33379632234573364,0.04653318598866463,13.423145294189453,0.002102972549055853,-0.03710879029766206,0.9516124725341797,G3,251,cot,False
14.272226333618164,0.054524727165699005,-0.010888304248932872,1.9082072973251343,-0.3267350494861603,0.04199222847819328,13.028602600097656,0.0035500826254006358,-0.0572156729236726,1.0408720970153809,G4,252,cot,True
14.339439392089844,0.054570116102695465,-0.017264165801386677,1.9121696949005127,-0.3306237459182739,0.041327159851789474,12.757085800170898,0.0035116633099894373,-0.05771159395094838,1.0460717678070068,G4,253,cot,True
13.735107421875,0.07020284980535507,-0.02164603979691215,1.8898162841796875,-0.3120219111442566,0.052170246839523315,8.75878620147705,0.006331164487030194,-0.10965928616731062,1.0662956237792969,G2,254,direct,True
14.223812103271484,0.06400046497583389,-0.029814497501619398,1.9197967052459717,-0.3383461534976959,0.04596973955631256,13.005497932434082,0.004088413787464941,-0.07766364928214779,0.9843576550483704,G4,254,cot,True
14.76097297668457,0.05333954095840454,0.029675548307357292,1.925452709197998,-0.34313204884529114,0.042250242084264755,13.532516479492188,0.0028564015223133945,-0.036967412887081025,0.9997555613517761,G3,255,cot,False
13.220864295959473,0.06466381996870041,-0.005832415626895043,1.8698785305023193,-0.2906033396720886,0.04492282494902611,9.147098541259766,0.002706489303419667,-0.04126756114344444,0.9892069101333618,G1,256,direct,False
14.420317649841309,0.06585895270109177,-0.013293961940273161,1.9116555452346802,-0.3304894268512726,0.0463012233376503,14.378969192504883,0.0030418499523112855,-0.046932983206164444,0.945682168006897,G4,256,cot,True
14.17899227142334,0.05390552431344986,-0.008541510182042269,1.909240961074829,-0.32768088579177856,0.04185311496257782,12.661192893981934,0.003617135243069741,-0.05763511465441794,1.0429633855819702,G4,257,cot,True
14.19317626953125,0.05931392312049866,-0.02142457654399257,1.917659044265747,-0.33556708693504333,0.04673513397574425,12.44002914428711,0.004681177737732088,-0.06949882199687345,1.0378990173339844,G4,258,cot,True
13.709184646606445,0.06189790368080139,0.026453182774205358,1.8768908977508545,-0.29822641611099243,0.02304972894489765,8.79843807220459,0.0002617796943072354,0.004420322756613448,1.0640918016433716,G1,259,direct,False
14.579585075378418,0.0641782209277153,-0.005699384212493899,1.917618989944458,-0.3358626365661621,0.04526900127530098,13.670881271362305,0.0018046107443590316,-0.02604997888688118,0.9380477666854858,G4,259,cot,True
14.280420303344727,0.05313744768500328,-0.01475516480784263,1.917214035987854,-0.33534204959869385,0.04072585701942444,12.476223945617676,0.0036181934778728776,-0.05503985035804012,1.042690396308899,G4,260,cot,True
10.612565040588379,0.37862053513526917,-1.686375331878662,1.7201896905899048,-0.14758895337581635,0.37170320749282837,2.5895516872406006,0.1393581211566925,-2.749598503112793,1.5449488162994385,G1,261,direct,False
14.171305656433105,0.0671362578868866,-0.012431177785319665,1.9006211757659912,-0.32015520334243774,0.045848142355680466,13.76102066040039,0.0025582519089502667,-0.04271382381839137,0.9520040154457092,G4,261,cot,True
13.802116394042969,0.08951213955879211,0.005665028198905613,1.8731417655944824,-0.2962436378002167,0.0519486702978611,7.906503677368164,0.0049826703123424364,-0.07691819273907206,1.097841501235962,G2,262,direct,True
14.118264198303223,0.05474186688661575,-0.011567083097273298,1.891644835472107,-0.31134259700775146,0.042163677513599396,13.291752815246582,0.0036015267694188688,-0.05713269518267726,1.0444403886795044,G4,262,cot,True
13.94682788848877,0.05568293482065201,-0.009595660240419456,1.8904114961624146,-0.31001603603363037,0.04180740937590599,12.778204917907715,0.003594051469718256,-0.053987468827155306,1.0383679866790771,G4,263,cot,True
14.250353813171387,0.057549770921468735,-0.02031302990451936,1.9146836996078491,-0.33292680978775024,0.044878531247377396,12.098738670349121,0.0043028189710551685,-0.060555990665189706,1.0295932292938232,G4,264,cot,True
13.57634162902832,0.06559004634618759,0.013164088418406827,1.9078456163406372,-0.3254932165145874,0.022826597094535828,8.824602127075195,-0.00036752017274979616,0.017239471597056234,0.968315064907074,G1,265,direct,False
14.88106632232666,0.05284688621759415,0.029730782970305413,1.9416935443878174,-0.3583814203739166,0.04218199849128723,14.068869590759277,0.0028997141327108105,-0.03680602504361061,0.9975681900978088,G4,265,cot,True
10.671488761901855,0.37833353877067566,-1.7118767738342284,1.7246469259262085,-0.15183350443840027,0.3704375922679901,2.5744197368621826,0.14021797776222228,-2.74940767288208,1.5467480421066284,G1,266,direct,False
14.375036239624023,0.06509947776794434,-0.024367149414554718,1.918130874633789,-0.33669930696487427,0.04577867314219475,13.74489688873291,0.002179512651937623,-0.03770956377829275,0.9489035606384277,G4,266,cot,True
13.694594383239746,0.09487570077180862,-0.03483622064703538,1.8618115186691284,-0.2843532860279083,0.05602339282631874,7.392432689666748,0.004066728585557975,-0.04914462142311065,1.0438377857208252,G2,267,direct,True
14.176085472106934,0.0602734349668026,-0.02676194252506379,1.920559287071228,-0.3384932577610016,0.04547899588942528,12.328124046325684,0.0046999646050314755,-0.06534640250667448,1.0349740982055664,G4,267,cot,True
14.108067512512207,0.059518568217754364,-0.018314401949605638,1.9154832363128662,-0.333656907081604,0.04658086970448494,12.765848159790039,0.005108934580799072,-0.07463407670297932,1.0333784818649292,G4,268,cot,True
14.048405647277832,0.052241671830415726,-0.017651853253764487,1.9036955833435059,-0.32272350788116455,0.04131085053086281,11.951942443847656,0.0037662757019842805,-0.05563857170843308,1.0396649837493896,G4,269,cot,True
14.067828178405762,0.05370129644870758,-0.0099632324710969,1.900696873664856,-0.3197653591632843,0.041788648813962936,12.309183120727539,0.0037593750223036725,-0.05555317555704423,1.041744351387024,G4,270,cot,True
14.637672424316406,0.04603230953216553,0.02640770404569564,1.9227689504623413,-0.34043437242507935,0.04369382560253143,11.22128677368164,0.0002960439050389874,0.000783828381569149,0.979259729385376,G4,271,cot,True
14.156270980834961,0.05449856445193291,-0.010832272421929147,1.898789644241333,-0.3176876902580261,0.04229641333222389,12.964722633361816,0.003712574825171501,-0.05997335257068759,1.0470484495162964,G4,272,cot,True
13.2908296585083,0.07135389745235443,-0.03151171170748198,1.8709315061569214,-0.29158517718315125,0.049699075520038605,9.509265899658203,0.004531641327417814,-0.08963608301602877,1.1068146228790283,G1,273,direct,False
14.607478141784668,0.06333112716674805,-0.0027087596154982056,1.9200313091278076,-0.3380584716796875,0.04611622542142868,12.934290885925293,0.0014668585011555304,-0.018698315466603933,0.9389136433601379,G4,273,cot,True
14.686229705810547,0.05687211826443672,0.003094288610642956,1.9385623931884766,-0.35587450861930847,0.03968484699726105,13.134879112243652,0.003353750946060303,-0.05182048197715513,1.0280512571334839,G4,274,cot,True
14.204859733581543,0.05395355820655823,-0.0191243302437567,1.9071993827819824,-0.3257565498352051,0.04079912230372429,11.738198280334473,0.003928102829283284,-0.05902442970583517,1.04839289188385,G4,275,cot,True
13.369725227355957,0.06830950826406479,0.0033698705526498595,1.8829708099365234,-0.3035891056060791,0.049741774797439575,9.408734321594238,0.004494974704889151,-0.07623345668499285,1.0653059482574463,G2,276,direct,True
14.583916664123535,0.0579376257956028,0.0030768859770990186,1.9443726539611816,-0.3611699938774109,0.04027586802840233,13.657051086425781,0.003911539419524131,-0.0669614972606782,1.0407962799072266,G4,276,cot,True
14.02474308013916,0.04986393079161644,-0.0015183494937035245,1.9079409837722778,-0.3265968859195709,0.041357968002557755,13.047077178955078,0.00605384122219778,-0.10064883309025918,1.1285380125045776,G4,277,cot,True
13.660346031188965,0.09497291594743729,-0.01239722331050827,1.8676090240478516,-0.2900642454624176,0.054941948503255844,6.820992469787598,0.004678911989621024,-0.06130690725424544,1.0488628149032593,G2,278,direct,True
14.077116012573242,0.06267094612121582,-0.034295274749878916,1.9153119325637817,-0.3333311080932617,0.04574829712510109,11.668176651000977,0.004334454598926729,-0.06322929859161378,1.0360764265060425,G4,278,cot,True
13.628593444824219,0.05555817112326622,0.027728980202828685,1.8882957696914673,-0.3085832893848419,0.02329494245350361,9.123954772949219,4.879208582062853e-05,0.014850741817105204,1.0477592945098877,G1,279,direct,False
14.206206321716309,0.06258826702833176,-0.026796538214529726,1.9092284440994263,-0.3282368779182434,0.04589218273758888,14.217039108276367,0.0024140621265096047,-0.040587910336832844,0.9550029039382935,G4,279,cot,True
14.564836502075195,0.05875179171562195,0.002083348074266988,1.9425430297851562,-0.3592700958251953,0.04124985635280609,13.446573257446289,0.004166003737238145,-0.07061779383690127,1.0390740633010864,G4,280,cot,True
14.309038162231445,0.055804360657930374,-0.014734078607251566,1.920675277709961,-0.33809754252433777,0.041197966784238815,10.614825248718262,0.0037493029669407882,-0.05900973389225621,1.0466067790985107,G3,281,cot,False
12.263108253479004,0.3243458867073059,-0.7118790626525879,1.8866475820541382,-0.31042051315307617,0.32558193802833557,2.7795987129211426,0.0930899053812027,-1.568251895904541,1.2867811918258667,G1,282,direct,False
14.439969062805176,0.0638386607170105,-0.026393013615762035,1.9183000326156616,-0.33681532740592957,0.04582066088914871,13.793414115905762,0.0020030088001681905,-0.03402935958677722,0.9489799737930298,G3,282,cot,False
13.479573249816895,0.06340425461530685,-0.002484122783906999,1.8817133903503418,-0.30169782042503357,0.04472270980477333,9.379491806030273,0.0019588337189728206,-0.02484326247246034,0.9907044172286987,G1,283,direct,False
14.69913387298584,0.06215069442987442,-0.00396160694860643,1.9248071908950806,-0.34296509623527527,0.04613105207681656,14.396064758300781,0.000517164837689169,-0.005282563547934245,0.922446072101593,G3,283,cot,False
13.327510833740234,0.07007552683353424,-0.008076376548180211,1.8707280158996582,-0.2917533814907074,0.05024809390306473,9.218644142150879,0.005058106711277595,-0.08900061534001277,1.0717177391052246,G2,284,direct,True
14.662772178649902,0.05699919909238815,0.010370389492281024,1.9414666891098022,-0.35862332582473755,0.039260536432266235,13.526832580566406,0.003128839836966607,-0.04528496573048253,1.0227160453796387,G4,284,cot,True
14.1777982711792,0.05220796540379524,-0.011588263511657712,1.9107283353805542,-0.3290644586086273,0.04139907658100128,12.820167541503906,0.00390620606560861,-0.058440048079336816,1.041834831237793,G4,285,cot,True
13.084879875183105,0.07310185581445694,-0.010382144960582764,1.8640364408493042,-0.28559887409210205,0.05119951441884041,8.919052124023438,0.006447188884784014,-0.12009559240096655,1.0932608842849731,G1,286,direct,False
14.537349700927734,0.050897885113954544,0.021738275020353255,1.928921103477478,-0.3462173342704773,0.041852641850709915,9.761641502380371,0.003354098131099055,-0.04927912950515747,1.0480550527572632,G3,286,cot,False
14.09420108795166,0.057383906096220016,-0.012487719904991892,1.9172104597091675,-0.33531224727630615,0.04472658038139343,13.112706184387207,0.004330513956806352,-0.061081754007647135,1.0250786542892456,G4,287,cot,True
13.529972076416016,0.059441473335027695,0.027615726378656204,1.8759360313415527,-0.297940194606781,0.023262090981006622,8.859888076782227,0.0001231375000169198,0.00900727356633833,1.0602115392684937,G1,288,direct,False
14.478647232055664,0.06230190768837929,-0.0031432355603864142,1.9109265804290771,-0.32976171374320984,0.04531092941761017,14.140127182006836,0.0013286555546426003,-0.017728139508155088,0.9307345747947693,G3,288,cot,False
14.168084144592285,0.058443378657102585,-0.021294595733765628,1.9155369997024536,-0.33367741107940674,0.04584487900137901,12.534132957458496,0.004315440867456699,-0.06438443776099913,1.0371476411819458,G4,289,cot,True
14.393448829650879,0.06570034474134445,-0.023417890071868896,1.9192906618118286,-0.3376590311527252,0.046171482652425766,13.462991714477539,0.0015976437397541537,-0.028420539440647246,0.9373787641525269,G3,290,cot,False
13.897808074951172,0.062228456139564514,-0.021760846337964462,1.903140664100647,-0.3219296634197235,0.04639093577861786,13.132234573364258,0.004468517077545966,-0.06205031371885731,1.0348782539367676,G4,291,cot,True
13.37220573425293,0.07354607433080673,-0.03240067571656317,1.867281198501587,-0.2888921797275543,0.050852708518505096,9.683618545532227,0.004610402441432334,-0.08494512150430272,1.0640345811843872,G1,292,direct,False
14.131264686584473,0.06924482434988022,-0.040624734086375076,1.931613564491272,-0.34641534090042114,0.04140845313668251,14.749735832214355,0.0017369668089574387,-0.038483633149054744,0.9360819458961487,G4,292,cot,True
14.32374095916748,0.054485954344272614,-0.012541232185979046,1.9161702394485474,-0.33417457342147827,0.04144226759672165,12.5143404006958,0.0035587493089898935,-0.05856358735792101,1.046897530555725,G4,293,cot,True
14.43213939666748,0.06298140436410904,-0.002588240561946749,1.9168190956115723,-0.33529984951019287,0.04623187705874443,12.683611869812012,0.002970866540506963,-0.04586018958399374,0.9687280654907227,G4,294,cot,True
14.614523887634277,0.05857653543353081,-0.0003251914055116729,1.9422487020492554,-0.3591407537460327,0.04020525515079498,13.693130493164062,0.003857804137852884,-0.06613250047929825,1.0413908958435059,G4,295,cot,True
13.42209243774414,0.0661768689751625,0.02084202381872361,1.8883662223815918,-0.3070170283317566,0.022980956360697746,8.260538101196289,-0.0005325649173990375,0.017251094695060483,0.9659902453422546,G1,296,direct,False
14.880424499511719,0.05493913218379021,0.04710332193682269,1.938231348991394,-0.35486236214637756,0.042852066457271576,13.69648551940918,0.0028735780127106176,-0.03147047450465539,0.9951369762420654,G4,296,cot,True
14.13063907623291,0.05754359811544418,-0.01587518492052632,1.91789972782135,-0.33593127131462097,0.04534343257546425,12.820940017700195,0.004785267029318116,-0.0692000254507988,1.0396448373794556,G4,297,cot,True
14.664997100830078,0.0631808489561081,-0.0021417729316219212,1.9189175367355347,-0.3372931182384491,0.04664462059736252,14.235447883605957,0.0005736344764309546,-0.003992120296724386,0.9242888689041138,G4,298,cot,True
14.119607925415039,0.05872119963169098,-0.033911774235387,1.9177168607711792,-0.3358224928379059,0.045439768582582474,13.148395538330078,0.004530320202390994,-0.06715353073612337,1.0336995124816895,G4,299,cot,True
